Grade;Categorie
MAIRE ADJOINT;
REDACTEUR TERRITORIAL;B
REDACTEUR TER. CHEF;B
REDACTEUR PRINCIPAL 1 CL;B
CONSEILLER MUNICIPAL;
ADJOINT ADMINIST. 2 CL;C
ADJT PATRIMOINE 2 CL;C
ADJT TECHNIQUE 2 CL;C
ADJT TECHNIQUE 1 CL;C
ADJT. TECH. PRINC.2 CL;C
ADJT.TECH.PRINC.2 CL;C
NEANT;
ADJT. TECH. PRINC. 1 CL;C
ADJOINT ADMINIST 1 CL;C
ATSEM 1ERE CLASSE;
ADJT PATRIMOINE 1 CL;C
ADJT ANIMATION 2 CL;C
V;
ADJT ANIMATION 1 CL;C
ANIMATEUR TERRITORIAL;B
ADJT ANIM. PRINC 2 CL;C
CHOMEUR;
AGENT DE MAITRISE;C
ADJT.TECH.PRINC.1 CL;C
ASS.CONS.PAT.BIB 2C;B
ASSISTANT CONSERVATION;B
ASSIST.CONSERV.PRINC 2CL;B
AGENT RECENSEUR;
GARDIEN POLICE MUNICIPAL;C
BRIGADIER  P.M.;C
BRIGADIER-CHEF PPAL P.M.;C
AGT PRINC ATSEM 2 CL;
ATSEM 1ERE CLZZZZ;
OPERATEUR TER.APS;C
OPERATEUR TER.APS QUALIF;C
ANIMATEUR PRINCIPAL 2CL;B
TECHN. SUP. TERR.;B
TECHNICIEN PRINCIP 2CL;B
TECHNICIEN TERR PAL 2 CL;B
ADJT ADMINIS. PRINC 2 CL;C
EDUCATEUR TER. APS 2 CL;B
EDUCATEUR TERRIT. APS;B
AGENT CONTRACTUEL;
REDACTEUR PRINCIPAL 2 CL;B
ATTACHE TERRITORIAL;A
ADJT ADMINIS. PRINC 1 CL;C
AGENT MAITRISE PRINCIPAL;C
REDACTEUR TER. PRINCIPAL;B
ATTACHE PRINCIPAL;A
ASS.QUAL.CONS.PAT.BIB HC;B
BIBLIOTHECAIRE TERR.;A
TECHN. SUP CHEF.;B
TECHNICIEN TERR PAL 1 CL;B
INGENIEUR;A
DIRECTEUR TERRITORIAL;A
RECEVEUR PRINCIPAL (EC);C
CHEF SERVICE PM CL NORM;B
CHEF DE SERVICE PM CL EX;B
CHEF SERV PM PAL 1ERE CL;B
ASSIST.CONSERV.PRINC 1CL;B
ADJT. PATRIM. PRINC 1 CL;C
DIRECT.GEN.ADJ. SERVICES;A
CONSERV.BIBLIOTH. CHEF;A
ASS.QUAL.CONS.PAT.BIB 2E;B
CHEF SERV. POLICE MUNIC.;C
CHEF DE SERVICE PM;B
CHEF SERV.PM PAL 2 CL.;B
"";
TECHNICIEN TERRITORIAL;B
ATTACHE TERR. CONS.PATRI;A
EDUCATEUR TER. APS1CL;B
EDUC.TER.PRINC 2CL APS;B
EDUC.TER.PRINC 1CL APS;B
ANIMATEUR TER. CHEF;B
ASS.QUA.CONS.PAT.BIB 1CL;B
MAIRE;
CONSERV.PATRIMOINE CHEF;A
DIRECT. GENER. SERVICES;A
INGENIEUR PRINCIPAL;A
CONTROLEUR TER.PAL. TRAV;B
DGST 40 80 MILES HAB;A
TECHN. SUP. PRINCIP;B
AGT PRINC ATSEM 1 CL;
EDUCATEUR J ENFANTS;B
A;
REEDUCATEUR HORS CLASSE;B
ASSISTANT SOCIO-EDUCATIF;B
ASSIST.SOCIO-EDUC.PRINC;B
CADRE DE SANTE INFIRMIER;A
PUERICULTRICE CLASSE NOR;A
EDUC.DE JEUNES ENFANTS;B
EDUC.PRINC.JEUNES ENFANT;B
AUX PUER. PRINC. 2 CL;C
AUX PUER. PRINC. 1 CL;C
AUXILIAIRE PUERIC 1 CL;C
PUERICULTRICE CLASSE SUP;A
MEDECIN;A
CHEF CUISINIER;
AUXILIAIRE SOINS 1 CL;C
ANIMATEUR TER.PRINCIPAL;B
ANIMATEUR PRINCIPAL 1CL;B
ASSISTANT SOCIO-ED PRINC;B
D.G.A.S. 20000 40000 HAB;A
ANIMATEUR REMUNERE;B
MONITEUR EDUCATEUR;B
CONTRAT D ACCOMP. EMPLOI;
CONTRAT UNIQUE D INSERT;
AGENT SOCIAL 2 CL;C
AGENT SOCIAL 1 CL;C
AUXILIAIRE PUER 1 CLZZZZ;C
COLLABORATEUR DE CABINET;
CEC;
APPRENTI;
DIRECTEUR DE CABINET;A
STAGIAIRE EN ENTREPRISE;
INFIRMIER CLASSE NORMALE;A
CEA;
